2013-04-28 00:00:00,1574293336
2013-04-29 00:00:00,1566112768
2013-04-30 00:00:00,1673506768
2013-05-01 00:00:00,1616721168
2013-05-02 00:00:00,1357432652
2013-05-03 00:00:00,1238677416
2013-05-04 00:00:00,1142366448
2013-05-05 00:00:00,1315284936
2013-05-06 00:00:00,1351825952
2013-05-07 00:00:00,1307058316
2013-05-08 00:00:00,1276646284
2013-05-09 00:00:00,1319317132
2013-05-10 00:00:00,1315558048
2013-05-11 00:00:00,1371707984
2013-05-12 00:00:00,1347682916
2013-05-13 00:00:00,1337343232
2013-05-14 00:00:00,1373531936
2013-05-15 00:00:00,1292602436
2013-05-16 00:00:00,1326410932
2013-05-17 00:00:00,1370785916
2013-05-18 00:00:00,1435861068
2013-05-19 00:00:00,1435015448
2013-05-20 00:00:00,1427872852
2013-05-21 00:00:00,1420827568
2013-05-22 00:00:00,1429295348
2013-05-23 00:00:00,1440507032
2013-05-24 00:00:00,1470047168
2013-05-25 00:00:00,1547115752
2013-05-26 00:00:00,1534153852
2013-05-27 00:00:00,1553650800
2013-05-28 00:00:00,1510226516
2013-05-29 00:00:00,1502004252
2013-05-30 00:00:00,1538820232
2013-05-31 00:00:00,1498863684
2013-06-01 00:00:00,1499172136
2013-06-02 00:00:00,1503308084
2013-06-03 00:00:00,1425868368
2013-06-04 00:00:00,1406288832
2013-06-05 00:00:00,1417448116
2013-06-06 00:00:00,1423895568
2013-06-07 00:00:00,1389770900
2013-06-08 00:00:00,1297400652
2013-06-09 00:00:00,1262041484
2013-06-10 00:00:00,1175453948
2013-06-11 00:00:00,1244591500
2013-06-12 00:00:00,1273532336
2013-06-13 00:00:00,1271386716
2013-06-14 00:00:00,1215095668
2013-06-15 00:00:00,1168643016
2013-06-16 00:00:00,1165874600
2013-06-17 00:00:00,1168511100
2013-06-18 00:00:00,1194756984
2013-06-19 00:00:00,1253269568
2013-06-20 00:00:00,1267178948
2013-06-21 00:00:00,1302568464
2013-06-22 00:00:00,1292929784
2013-06-23 00:00:00,1279420568
2013-06-24 00:00:00,1281020352
2013-06-25 00:00:00,1210303448
2013-06-26 00:00:00,1224031684
2013-06-27 00:00:00,1233589516
2013-06-28 00:00:00,1211404764
2013-06-29 00:00:00,1126395684
2013-06-30 00:00:00,1131243168
2013-07-01 00:00:00,1164396284
2013-07-02 00:00:00,1056296516
2013-07-03 00:00:00,1081516500
2013-07-04 00:00:00,947851992
2013-07-05 00:00:00,961375516
2013-07-06 00:00:00,825729576
2013-07-07 00:00:00,829556600
2013-07-08 00:00:00,923061300
2013-07-09 00:00:00,915388224
2013-07-10 00:00:00,924494984
2013-07-11 00:00:00,1057928684
2013-07-12 00:00:00,1067346200
2013-07-13 00:00:00,1126562032
2013-07-14 00:00:00,1183105468
2013-07-15 00:00:00,1124381000
2013-07-16 00:00:00,1187660032
2013-07-17 00:00:00,1164755864
2013-07-18 00:00:00,1187095232
2013-07-19 00:00:00,1086037616
2013-07-20 00:00:00,1110172532
2013-07-21 00:00:00,1083938200
2013-07-22 00:00:00,1110698700
2013-07-23 00:00:00,1105612768
2013-07-24 00:00:00,1153358484
2013-07-25 00:00:00,1140978300
2013-07-26 00:00:00,1170103064
2013-07-27 00:00:00,1158228668
2013-07-28 00:00:00,1139917152
2013-07-29 00:00:00,1189747132
2013-07-30 00:00:00,1224010532
2013-07-31 00:00:00,1299348352
2013-08-01 00:00:00,1277454552
2013-08-02 00:00:00,1263768852
2013-08-03 00:00:00,1258277148
2013-08-04 00:00:00,1313261732
2013-08-05 00:00:00,1315533700
2013-08-06 00:00:00,1329581264
2013-08-07 00:00:00,1322309332
2013-08-08 00:00:00,1318895932
2013-08-09 00:00:00,1275842200
2013-08-10 00:00:00,1273058652
2013-08-11 00:00:00,1273439716
2013-08-12 00:00:00,1300835252
2013-08-13 00:00:00,1324064932
2013-08-14 00:00:00,1354837284
2013-08-15 00:00:00,1385890668
2013-08-16 00:00:00,1351805552
2013-08-17 00:00:00,1340287352
2013-08-18 00:00:00,1405961200
2013-08-19 00:00:00,1413091800
2013-08-20 00:00:00,1477578748
2013-08-21 00:00:00,1508458348
2013-08-22 00:00:00,1531960932
2013-08-23 00:00:00,1511999148
2013-08-24 00:00:00,1471017068
2013-08-25 00:00:00,1486112864
2013-08-26 00:00:00,1518144700
2013-08-27 00:00:00,1497702384
2013-08-28 00:00:00,1572726900
2013-08-29 00:00:00,1526121136
2013-08-30 00:00:00,1519803736
2013-08-31 00:00:00,1649123664
2013-09-01 00:00:00,1670171916
2013-09-02 00:00:00,1712602300
2013-09-03 00:00:00,1675667732
2013-09-04 00:00:00,1689172416
2013-09-05 00:00:00,1580758748
2013-09-06 00:00:00,1577664552
2013-09-07 00:00:00,1488680748
2013-09-08 00:00:00,1553339268
2013-09-09 00:00:00,1528162468
2013-09-10 00:00:00,1592650536
2013-09-11 00:00:00,1571673448
2013-09-12 00:00:00,1691228564
2013-09-13 00:00:00,1659342900
2013-09-14 00:00:00,1686415184
2013-09-15 00:00:00,1618663332
2013-09-16 00:00:00,1638893932
2013-09-17 00:00:00,1652286600
2013-09-18 00:00:00,1673548716
2013-09-19 00:00:00,1678081516
2013-09-20 00:00:00,1661974712
2013-09-21 00:00:00,1620962416
2013-09-22 00:00:00,1630499872
2013-09-23 00:00:00,1649445868
2013-09-24 00:00:00,1611650948
2013-09-25 00:00:00,1631446448
2013-09-26 00:00:00,1639504936
2013-09-27 00:00:00,1659850768
2013-09-28 00:00:00,1742105864
2013-09-29 00:00:00,1744591884
2013-09-30 00:00:00,1764615652
2013-10-01 00:00:00,1698366256
2013-10-02 00:00:00,1690282348
2013-10-03 00:00:00,1452533832
2013-10-04 00:00:00,1572065968
2013-10-05 00:00:00,1640468636
2013-10-06 00:00:00,1635192632
2013-10-07 00:00:00,1650893596
2013-10-08 00:00:00,1614490468
2013-10-09 00:00:00,1603735448
2013-10-10 00:00:00,1661947664
2013-10-11 00:00:00,1667383496
2013-10-12 00:00:00,1663154948
2013-10-13 00:00:00,1719544416
2013-10-14 00:00:00,1762214016
2013-10-15 00:00:00,1778990732
2013-10-16 00:00:00,1832547700
2013-10-17 00:00:00,1787718936
2013-10-18 00:00:00,1843526816
2013-10-19 00:00:00,1954021652
2013-10-20 00:00:00,2135464900
2013-10-21 00:00:00,2171028832
2013-10-22 00:00:00,2262346016
2013-10-23 00:00:00,2389488328
2013-10-24 00:00:00,2656022788
2013-10-25 00:00:00,2470103796
2013-10-26 00:00:00,2333364052
2013-10-27 00:00:00,2199417884
2013-10-28 00:00:00,2438344132
2013-10-29 00:00:00,2461188072
2013-10-30 00:00:00,2531257672
2013-10-31 00:00:00,2480032316
2013-11-01 00:00:00,2532931916
2013-11-02 00:00:00,2561570484
2013-11-03 00:00:00,2574255100
2013-11-04 00:00:00,2685699088
2013-11-05 00:00:00,2863811900
2013-11-06 00:00:00,3051063164
2013-11-07 00:00:00,3266271288
2013-11-08 00:00:00,3732816688
2013-11-09 00:00:00,4239787224
2013-11-10 00:00:00,4343304024
2013-11-11 00:00:00,4052856448
2013-11-12 00:00:00,4269046288
2013-11-13 00:00:00,4492475856
2013-11-14 00:00:00,5050595232
2013-11-15 00:00:00,5202929552
2013-11-16 00:00:00,5177726016
2013-11-17 00:00:00,5471015424
2013-11-18 00:00:00,6137347760
2013-11-19 00:00:00,8860359344
2013-11-20 00:00:00,7183535796
2013-11-21 00:00:00,7386543432
2013-11-22 00:00:00,8999221408
2013-11-23 00:00:00,9589760992
2013-11-24 00:00:00,9893935984
2013-11-25 00:00:00,9634636160
2013-11-26 00:00:00,10135662720
2013-11-27 00:00:00,11824636832
2013-11-28 00:00:00,13217348080
2013-11-29 00:00:00,13825601024
2013-11-30 00:00:00,14723183520
2013-12-01 00:00:00,14873849152
2013-12-02 00:00:00,12698911616
2013-12-03 00:00:00,13847351744
2013-12-04 00:00:00,14317427872
2013-12-05 00:00:00,15433889920
2013-12-06 00:00:00,13910283520
2013-12-07 00:00:00,11131185088
2013-12-08 00:00:00,9237933216
2013-12-09 00:00:00,10533384128
2013-12-10 00:00:00,11851850816
2013-12-11 00:00:00,13180918592
2013-12-12 00:00:00,11733826944
2013-12-13 00:00:00,11626732512
2013-12-14 00:00:00,11934222592
2013-12-15 00:00:00,11595222046
2013-12-16 00:00:00,11659870128
2013-12-17 00:00:00,9325934152
2013-12-18 00:00:00,8900101992
2013-12-19 00:00:00,6752873640
2013-12-20 00:00:00,9088676824
2013-12-21 00:00:00,8122610844
2013-12-22 00:00:00,7889969500
2013-12-23 00:00:00,8032699278
2013-12-24 00:00:00,8801808144
2013-12-25 00:00:00,8722458292
2013-12-26 00:00:00,9032469056
2013-12-27 00:00:00,10097996250
2013-12-28 00:00:00,9778518432
2013-12-29 00:00:00,9643072056
2013-12-30 00:00:00,9838834222
2013-12-31 00:00:00,10090291844
2014-01-01 00:00:00,10019909222
2014-01-02 00:00:00,10252529100
2014-01-03 00:00:00,10647634110
2014-01-04 00:00:00,10867735578
2014-01-05 00:00:00,11306691562
2014-01-06 00:00:00,12275990898
2014-01-07 00:00:00,12499045980
2014-01-08 00:00:00,10481756026
2014-01-09 00:00:00,11084986402
2014-01-10 00:00:00,11148753738
2014-01-11 00:00:00,11425504496
2014-01-12 00:00:00,12133504458
2014-01-13 00:00:00,11346026312
2014-01-14 00:00:00,11117167652
2014-01-15 00:00:00,10991271202
2014-01-16 00:00:00,11368432280
2014-01-17 00:00:00,11024846896
2014-01-18 00:00:00,10785790036
2014-01-19 00:00:00,11110090700
2014-01-20 00:00:00,11526405154
2014-01-21 00:00:00,11514977425
2014-01-22 00:00:00,11506588846
2014-01-23 00:00:00,11193936811
2014-01-24 00:00:00,10885983657
2014-01-25 00:00:00,10525364548
2014-01-26 00:00:00,11310641476
2014-01-27 00:00:00,11718156243
2014-01-28 00:00:00,10240697828
2014-01-29 00:00:00,10735078140
2014-01-30 00:00:00,10958340668
2014-01-31 00:00:00,10860432419
2014-02-01 00:00:00,11005900450
2014-02-02 00:00:00,11072175946
2014-02-03 00:00:00,10964655903
2014-02-04 00:00:00,10953814222
2014-02-05 00:00:00,11023651524
2014-02-06 00:00:00,10837897828
2014-02-07 00:00:00,10412171748
2014-02-08 00:00:00,9324326073
2014-02-09 00:00:00,8959783002
2014-02-10 00:00:00,9102809842
2014-02-11 00:00:00,9131781316
2014-02-12 00:00:00,9004860901
2014-02-13 00:00:00,8728824147
2014-02-14 00:00:00,8053720148
2014-02-15 00:00:00,8830059026
2014-02-16 00:00:00,8699771963
2014-02-17 00:00:00,8207200852
2014-02-18 00:00:00,8378621495
2014-02-19 00:00:00,8372181646
2014-02-20 00:00:00,8342332022
2014-02-21 00:00:00,7463480389
2014-02-22 00:00:00,7686850625
2014-02-23 00:00:00,8126752597
2014-02-24 00:00:00,8128943876
2014-02-25 00:00:00,7267567284
2014-02-26 00:00:00,7203940107
2014-02-27 00:00:00,7794931889
2014-02-28 00:00:00,7773318431
2014-03-01 00:00:00,7369304979
2014-03-02 00:00:00,7600289188
2014-03-03 00:00:00,7514910910
2014-03-04 00:00:00,8897836020
2014-03-05 00:00:00,8948467664
2014-03-06 00:00:00,8915278664
2014-03-07 00:00:00,8915925228
2014-03-08 00:00:00,8457652546
2014-03-09 00:00:00,8272502874
2014-03-10 00:00:00,8545882902
2014-03-11 00:00:00,8439648808
2014-03-12 00:00:00,8489894624
2014-03-13 00:00:00,8552694359
2014-03-14 00:00:00,8605560975
2014-03-15 00:00:00,8486779932
2014-03-16 00:00:00,8586521397
2014-03-17 00:00:00,8530131065
2014-03-18 00:00:00,8414281951
2014-03-19 00:00:00,8374003783
2014-03-20 00:00:00,8264463836
2014-03-21 00:00:00,7973920597
2014-03-22 00:00:00,7737086461
2014-03-23 00:00:00,7673018027
2014-03-24 00:00:00,7626329878
2014-03-25 00:00:00,7939297502
2014-03-26 00:00:00,7917408217
2014-03-27 00:00:00,7877401063
2014-03-28 00:00:00,6455564638
2014-03-29 00:00:00,6808237974
2014-03-30 00:00:00,6682947920
2014-03-31 00:00:00,6289197387
2014-04-01 00:00:00,6206275150
2014-04-02 00:00:00,6498518277
2014-04-03 00:00:00,5899085384
2014-04-04 00:00:00,6014693376
2014-04-05 00:00:00,6028982859
2014-04-06 00:00:00,6250776013
2014-04-07 00:00:00,6240240703
2014-04-08 00:00:00,6052865540
2014-04-09 00:00:00,6129455375
2014-04-10 00:00:00,5987394118
2014-04-11 00:00:00,4901810476
2014-04-12 00:00:00,5703732698
2014-04-13 00:00:00,5702854552
2014-04-14 00:00:00,5609170463
2014-04-15 00:00:00,6201513607
2014-04-16 00:00:00,7081602247
2014-04-17 00:00:00,7177908389
2014-04-18 00:00:00,6721971484
2014-04-19 00:00:00,6505062918
2014-04-20 00:00:00,6815149733
2014-04-21 00:00:00,6755411415
2014-04-22 00:00:00,6726143167
2014-04-23 00:00:00,6622904043
2014-04-24 00:00:00,6659014444
2014-04-25 00:00:00,6792043129
2014-04-26 00:00:00,6249629019
2014-04-27 00:00:00,6187156097
2014-04-28 00:00:00,5830646707
2014-04-29 00:00:00,5967460416
2014-04-30 00:00:00,6067460982
2014-05-01 00:00:00,6093270177
2014-05-02 00:00:00,6224788667
2014-05-03 00:00:00,6105512888
2014-05-04 00:00:00,5958001040
2014-05-05 00:00:00,5914191409
2014-05-06 00:00:00,5896075706
2014-05-07 00:00:00,5857001815
2014-05-08 00:00:00,5987678634
2014-05-09 00:00:00,6004220833
2014-05-10 00:00:00,6151449129
2014-05-11 00:00:00,6196267210
2014-05-12 00:00:00,5984506912
2014-05-13 00:00:00,6031610734
2014-05-14 00:00:00,6025714646
2014-05-15 00:00:00,6086926902
2014-05-16 00:00:00,6139538884
2014-05-17 00:00:00,6148221811
2014-05-18 00:00:00,6147227655
2014-05-19 00:00:00,6118912150
2014-05-20 00:00:00,6124026159
2014-05-21 00:00:00,6649877498
2014-05-22 00:00:00,6734020089
2014-05-23 00:00:00,7159493370
2014-05-24 00:00:00,7126224661
2014-05-25 00:00:00,7181551793
2014-05-26 00:00:00,7796871207
2014-05-27 00:00:00,7925065404
2014-05-28 00:00:00,7782053127
2014-05-29 00:00:00,7825525478
2014-05-30 00:00:00,7722531563
2014-05-31 00:00:00,8348652657
2014-06-01 00:00:00,8445773365
2014-06-02 00:00:00,8542396393
2014-06-03 00:00:00,8957845095
2014-06-04 00:00:00,9041033212
2014-06-05 00:00:00,8689570367.33333
2014-06-06 00:00:00,8927166933.66667
2014-06-07 00:00:00,8857924094
2014-06-08 00:00:00,8872494689
2014-06-09 00:00:00,8883377601
2014-06-10 00:00:00,8815250586
2014-06-11 00:00:00,8869276377
2014-06-12 00:00:00,8608720538
2014-06-13 00:00:00,7966696110
2014-06-14 00:00:00,8170872581
2014-06-15 00:00:00,7838650892
2014-06-16 00:00:00,8061512623
2014-06-17 00:00:00,8042269585
2014-06-18 00:00:00,8280491728
2014-06-19 00:00:00,8260040809
2014-06-20 00:00:00,8138068716
2014-06-21 00:00:00,8086325099
2014-06-22 00:00:00,8114439410
2014-06-23 00:00:00,8194863973
2014-06-24 00:00:00,8090801905
2014-06-25 00:00:00,7928034581
2014-06-26 00:00:00,7709465861
2014-06-27 00:00:00,7912481590
2014-06-28 00:00:00,8150367044
2014-06-29 00:00:00,8111862488
2014-06-30 00:00:00,8187982916
2014-07-01 00:00:00,8689485421
2014-07-02 00:00:00,8652786028
2014-07-03 00:00:00,8775876909
2014-07-04 00:00:00,8700880748
2014-07-05 00:00:00,8491288252
2014-07-06 00:00:00,8512623520
2014-07-07 00:00:00,8553875466
2014-07-08 00:00:00,8405421671
2014-07-09 00:00:00,8454972849
2014-07-10 00:00:00,8458752466
2014-07-11 00:00:00,8354490310
2014-07-12 00:00:00,8564571463
2014-07-13 00:00:00,8618728977
2014-07-14 00:00:00,8527391092
2014-07-15 00:00:00,8436741830
2014-07-16 00:00:00,8465065844
2014-07-17 00:00:00,8392044102
2014-07-18 00:00:00,8498790637
2014-07-19 00:00:00,8591760788
2014-07-20 00:00:00,8576130950
2014-07-21 00:00:00,8513965178
2014-07-22 00:00:00,8495982043
2014-07-23 00:00:00,8481377567
2014-07-24 00:00:00,8465429536
2014-07-25 00:00:00,8208617052
2014-07-26 00:00:00,8205835330
2014-07-27 00:00:00,8131019632
2014-07-28 00:00:00,8117589760
2014-07-29 00:00:00,7999734276
2014-07-30 00:00:00,7991003697
2014-07-31 00:00:00,7744659560
2014-08-01 00:00:00,8008905212
2014-08-02 00:00:00,8131887610
2014-08-03 00:00:00,8051271766
2014-08-04 00:00:00,8015942194
2014-08-05 00:00:00,8045277655
2014-08-06 00:00:00,8003857932
2014-08-07 00:00:00,7989423751
2014-08-08 00:00:00,8047963653
2014-08-09 00:00:00,8097090861
2014-08-10 00:00:00,8049389091
2014-08-11 00:00:00,8078896082
2014-08-12 00:00:00,7857721503
2014-08-13 00:00:00,7764920462
2014-08-14 00:00:00,7427870417
2014-08-15 00:00:00,6967789530
2014-08-16 00:00:00,6790928980
2014-08-17 00:00:00,7069505406
2014-08-18 00:00:00,6682412791
2014-08-19 00:00:00,6261858943
2014-08-20 00:00:00,6616456224
2014-08-21 00:00:00,6983421479
2014-08-22 00:00:00,7087002286
2014-08-23 00:00:00,7013992450
2014-08-24 00:00:00,6804463241
2014-08-25 00:00:00,6955436810
2014-08-26 00:00:00,6872576793
2014-08-27 00:00:00,7115573617
2014-08-28 00:00:00,7098523297
2014-08-29 00:00:00,7066620634
2014-08-30 00:00:00,7073118996
2014-08-31 00:00:00,6993934529
2014-09-01 00:00:00,6649512462
2014-09-02 00:00:00,6605834815
2014-09-03 00:00:00,6631855336
2014-09-04 00:00:00,6653435617
2014-09-05 00:00:00,6828773120
2014-09-06 00:00:00,6742245366
2014-09-07 00:00:00,6770649448
2014-09-08 00:00:00,6728559856
2014-09-09 00:00:00,6635447085
2014-09-10 00:00:00,6646545163
2014-09-11 00:00:00,6712905004
2014-09-12 00:00:00,6720101212
2014-09-13 00:00:00,6696105146
2014-09-14 00:00:00,6723496341
2014-09-15 00:00:00,6724631600
2014-09-16 00:00:00,6679580221
2014-09-17 00:00:00,6559075049
2014-09-18 00:00:00,6448992632
2014-09-19 00:00:00,5998431293
2014-09-20 00:00:00,5587965525
2014-09-21 00:00:00,5760467018
2014-09-22 00:00:00,5635209758
2014-09-23 00:00:00,5683107890
2014-09-24 00:00:00,6150863429
2014-09-25 00:00:00,5986907934
2014-09-26 00:00:00,5829334286
2014-09-27 00:00:00,5725884998
2014-09-28 00:00:00,5667937535
2014-09-29 00:00:00,5380882458
2014-09-30 00:00:00,5355560487
2014-10-01 00:00:00,5513593542
2014-10-02 00:00:00,5467047250
2014-10-03 00:00:00,5346907945
2014-10-04 00:00:00,5142052573
2014-10-05 00:00:00,4715657870
2014-10-06 00:00:00,4588638908
2014-10-07 00:00:00,4731419656
2014-10-08 00:00:00,4808497575
2014-10-09 00:00:00,5035381245
2014-10-10 00:00:00,5197414659
2014-10-11 00:00:00,5149770096
2014-10-12 00:00:00,5164281421
2014-10-13 00:00:00,5377102885
2014-10-14 00:00:00,5564462180
2014-10-15 00:00:00,5697241414
2014-10-16 00:00:00,5608697550
2014-10-17 00:00:00,5449743759
2014-10-18 00:00:00,5468686683
2014-10-19 00:00:00,5574434322
2014-10-20 00:00:00,5543752505
2014-10-21 00:00:00,5452324165
2014-10-22 00:00:00,5508685540
2014-10-23 00:00:00,5466966871
2014-10-24 00:00:00,5134848173
2014-10-25 00:00:00,5134981448
2014-10-26 00:00:00,4972406985
2014-10-27 00:00:00,5068630285
2014-10-28 00:00:00,5062031547
2014-10-29 00:00:00,5115424624
2014-10-30 00:00:00,4820120774
2014-10-31 00:00:00,4951259739
2014-11-01 00:00:00,4866364515
2014-11-02 00:00:00,4686712838
2014-11-03 00:00:00,4680128048
2014-11-04 00:00:00,4707113448
2014-11-05 00:00:00,4756315495
2014-11-06 00:00:00,4880607224
2014-11-07 00:00:00,5024634474
2014-11-08 00:00:00,4919801922
2014-11-09 00:00:00,4971528859
2014-11-10 00:00:00,5206082113
2014-11-11 00:00:00,5256258362
2014-11-12 00:00:00,5284694171
2014-11-13 00:00:00,6113662593
2014-11-14 00:00:00,5989514795
2014-11-15 00:00:00,5737877639
2014-11-16 00:00:00,5391059822
2014-11-17 00:00:00,5584249181
2014-11-18 00:00:00,5580709945
2014-11-19 00:00:00,5391403711
2014-11-20 00:00:00,5489553727
2014-11-21 00:00:00,5189895386
2014-11-22 00:00:00,5117867411
2014-11-23 00:00:00,5174230553
2014-11-24 00:00:00,5413800337
2014-11-25 00:00:00,5547839282
2014-11-26 00:00:00,5572734254
2014-11-27 00:00:00,5537861082
2014-11-28 00:00:00,5627666230
2014-11-29 00:00:00,5748869296
2014-11-30 00:00:00,5704160750
2014-12-01 00:00:00,5656188502
2014-12-02 00:00:00,5715368156
2014-12-03 00:00:00,5771199558
2014-12-04 00:00:00,5695032218
2014-12-05 00:00:00,5614449995
2014-12-06 00:00:00,5732090096
2014-12-07 00:00:00,5730855274
2014-12-08 00:00:00,5748484386
2014-12-09 00:00:00,5520532981
2014-12-10 00:00:00,5434753151
2014-12-11 00:00:00,5354678983
2014-12-12 00:00:00,5461514056
2014-12-13 00:00:00,5485392309
2014-12-14 00:00:00,5427562125
2014-12-15 00:00:00,5495821522
2014-12-16 00:00:00,5450105698
2014-12-17 00:00:00,5280039058
2014-12-18 00:00:00,5323879810
2014-12-19 00:00:00,5268829729
2014-12-20 00:00:00,5219527063
2014-12-21 00:00:00,5413728174
2014-12-22 00:00:00,5317993195
2014-12-23 00:00:00,5493415677
2014-12-24 00:00:00,5475528615
2014-12-25 00:00:00,5290372654
2014-12-26 00:00:00,5273962964
2014-12-27 00:00:00,5431992875
2014-12-28 00:00:00,5233005895
2014-12-29 00:00:00,5247907255
2014-12-30 00:00:00,5191730635
2014-12-31 00:00:00,5165171269
2015-01-01 00:00:00,5308257707
2015-01-02 00:00:00,5219602825
2015-01-03 00:00:00,5226909267
2015-01-04 00:00:00,4671937007
2015-01-05 00:00:00,4344618396
2015-01-06 00:00:00,4529300736
2015-01-07 00:00:00,4702691061
2015-01-08 00:00:00,4821021209
2015-01-09 00:00:00,4650891694
2015-01-10 00:00:00,4717730341
2015-01-11 00:00:00,4485877109
2015-01-12 00:00:00,4357662507
2015-01-13 00:00:00,4366621624
2015-01-14 00:00:00,3664072091
2015-01-15 00:00:00,2956053546
2015-01-16 00:00:00,3480582304
2015-01-17 00:00:00,3463836539
2015-01-18 00:00:00,3321037514
2015-01-19 00:00:00,3490242825
2015-01-20 00:00:00,3520583690
2015-01-21 00:00:00,3504412268
2015-01-22 00:00:00,3748489509
2015-01-23 00:00:00,3846303356
2015-01-24 00:00:00,3828407071
2015-01-25 00:00:00,4047632719
2015-01-26 00:00:00,4151452024
2015-01-27 00:00:00,4391253064
2015-01-28 00:00:00,4251104609
2015-01-29 00:00:00,3800880952
2015-01-30 00:00:00,3785811627
2015-01-31 00:00:00,3689840972
2015-02-01 00:00:00,3552861536
2015-02-02 00:00:00,3681162395
2015-02-03 00:00:00,3822729412
2015-02-04 00:00:00,3661833097
2015-02-05 00:00:00,3679115962
2015-02-06 00:00:00,3558957022
2015-02-07 00:00:00,3675443509
2015-02-08 00:00:00,3728236234
2015-02-09 00:00:00,3663927620
2015-02-10 00:00:00,3607600169
2015-02-11 00:00:00,3591087686
2015-02-12 00:00:00,3591623383
2015-02-13 00:00:00,3637649787
2015-02-14 00:00:00,3847787388
2015-02-15 00:00:00,4172544084
2015-02-16 00:00:00,3812732619
2015-02-17 00:00:00,3792173745
2015-02-18 00:00:00,3947607226
2015-02-19 00:00:00,3837574482
2015-02-20 00:00:00,3892285249
2015-02-21 00:00:00,3932743774
2015-02-22 00:00:00,3938819804
2015-02-23 00:00:00,3809033367
2015-02-24 00:00:00,3862804826
2015-02-25 00:00:00,3865967471
2015-02-26 00:00:00,3844120690
2015-02-27 00:00:00,3828820293.6
2015-02-28 00:00:00,4073284694.2
2015-03-01 00:00:00,4074590039.8
2015-03-02 00:00:00,4137607514.4
2015-03-03 00:00:00,4345694849
2015-03-04 00:00:00,4378631289.5
2015-03-05 00:00:00,4244826185
2015-03-06 00:00:00,4332445797.5
2015-03-07 00:00:00,4263375068
2015-03-08 00:00:00,4312847036
2015-03-09 00:00:00,4270070914
2015-03-10 00:00:00,4507601067
2015-03-11 00:00:00,4515703178
2015-03-12 00:00:00,4587324015
2015-03-13 00:00:00,4564354422
2015-03-14 00:00:00,4431310677
2015-03-15 00:00:00,4408612418
2015-03-16 00:00:00,4463004794
2015-03-17 00:00:00,4540189302
2015-03-18 00:00:00,4460638635
2015-03-19 00:00:00,4029426801
2015-03-20 00:00:00,4100903611
2015-03-21 00:00:00,4112072158
2015-03-22 00:00:00,4086797298
2015-03-23 00:00:00,4203670462
2015-03-24 00:00:00,4191240080
2015-03-25 00:00:00,3901049367
2015-03-26 00:00:00,3866293205
2015-03-27 00:00:00,3887633823
2015-03-28 00:00:00,3868968489
2015-03-29 00:00:00,3951051477
2015-03-30 00:00:00,3798160802
2015-03-31 00:00:00,3859190196
2015-04-01 00:00:00,3795216043
2015-04-02 00:00:00,3832335915
2015-04-03 00:00:00,3928401489
2015-04-04 00:00:00,3973384922
2015-04-05 00:00:00,3967849059
2015-04-06 00:00:00,4064217675
2015-04-07 00:00:00,3987616110
2015-04-08 00:00:00,3965295130
2015-04-09 00:00:00,3851660147
2015-04-10 00:00:00,3821118290
2015-04-11 00:00:00,3702275767
2015-04-12 00:00:00,3702322143
2015-04-13 00:00:00,3705701295
2015-04-14 00:00:00,3531428581
2015-04-15 00:00:00,3449090004
2015-04-16 00:00:00,3510905263
2015-04-17 00:00:00,3582301767
2015-04-18 00:00:00,3501467360
2015-04-19 00:00:00,3506836905
2015-04-20 00:00:00,3491768443
2015-04-21 00:00:00,3523396472
2015-04-22 00:00:00,3684111718
2015-04-23 00:00:00,3666059286
2015-04-24 00:00:00,3696490225
2015-04-25 00:00:00,3627467303
2015-04-26 00:00:00,3565206629
2015-04-27 00:00:00,3445811940
2015-04-28 00:00:00,3585255037
2015-04-29 00:00:00,3531801212
2015-04-30 00:00:00,3540846467
2015-05-01 00:00:00,3697126040
2015-05-02 00:00:00,3643288267
2015-05-03 00:00:00,3680111954
2015-05-04 00:00:00,3759595022
2015-05-05 00:00:00,3739174192
2015-05-06 00:00:00,3697535555
2015-05-07 00:00:00,3600143978
2015-05-08 00:00:00,3702208150
2015-05-09 00:00:00,3796933164
2015-05-10 00:00:00,3769874683
2015-05-11 00:00:00,3742807571
2015-05-12 00:00:00,3770838863
2015-05-13 00:00:00,3756793562
2015-05-14 00:00:00,3673959392
2015-05-15 00:00:00,3678813162
2015-05-16 00:00:00,3692525523
2015-05-17 00:00:00,3666276159
2015-05-18 00:00:00,3671093533
2015-05-19 00:00:00,3598117753
2015-05-20 00:00:00,3608604960
2015-05-21 00:00:00,3645225995
2015-05-22 00:00:00,3662550260
2015-05-23 00:00:00,3753152611
2015-05-24 00:00:00,3738599599
2015-05-25 00:00:00,3771948811
2015-05-26 00:00:00,3718640923
2015-05-27 00:00:00,3716350549
2015-05-28 00:00:00,3728422800
2015-05-29 00:00:00,3763276639
2015-05-30 00:00:00,3797751928
2015-05-31 00:00:00,3716812570
2015-06-01 00:00:00,3665004450
2015-06-02 00:00:00,3535552719
2015-06-03 00:00:00,3595597882
2015-06-04 00:00:00,3595665177
2015-06-05 00:00:00,3569192945
2015-06-06 00:00:00,3590026106
2015-06-07 00:00:00,3597964384
2015-06-08 00:00:00,3557094441
2015-06-09 00:00:00,3648122524
2015-06-10 00:00:00,3655545147
2015-06-11 00:00:00,3654360836
2015-06-12 00:00:00,3668799290
2015-06-13 00:00:00,3670410461
2015-06-14 00:00:00,3713779253
2015-06-15 00:00:00,3735868257
2015-06-16 00:00:00,3800288748
2015-06-17 00:00:00,4069908245
2015-06-18 00:00:00,4058901780
2015-06-19 00:00:00,4085005436
2015-06-20 00:00:00,4040705240
2015-06-21 00:00:00,4050067571
2015-06-22 00:00:00,4009851316
2015-06-23 00:00:00,4064439332
2015-06-24 00:00:00,4024142147
2015-06-25 00:00:00,3966564845
2015-06-26 00:00:00,4008284604
2015-06-27 00:00:00,4031939546
2015-06-28 00:00:00,4155128457
2015-06-29 00:00:00,4126861820
2015-06-30 00:00:00,4286988857
2015-07-01 00:00:00,4369463125
2015-07-02 00:00:00,4290046695
2015-07-03 00:00:00,4247262421
2015-07-04 00:00:00,4267150565
2015-07-05 00:00:00,4321605617
2015-07-06 00:00:00,4480798816
2015-07-07 00:00:00,4482527611
2015-07-08 00:00:00,4407415275
2015-07-09 00:00:00,4521250311
2015-07-10 00:00:00,4528970939
2015-07-11 00:00:00,4636686748
2015-07-12 00:00:00,4744240713
2015-07-13 00:00:00,5040747324
2015-07-14 00:00:00,4740918786
2015-07-15 00:00:00,4684806358
2015-07-16 00:00:00,4632908023
2015-07-17 00:00:00,4482222161
2015-07-18 00:00:00,4504915558
2015-07-19 00:00:00,4450284417
2015-07-20 00:00:00,4422869709
2015-07-21 00:00:00,4506554469
2015-07-22 00:00:00,4448085649
2015-07-23 00:00:00,4472616499
2015-07-24 00:00:00,4449418113
2015-07-25 00:00:00,4667582790
2015-07-26 00:00:00,4684013422
2015-07-27 00:00:00,4752597721
2015-07-28 00:00:00,4781639950
2015-07-29 00:00:00,4807094744
2015-07-30 00:00:00,4720866944
2015-07-31 00:00:00,4691298984
2015-08-01 00:00:00,4649025125
2015-08-02 00:00:00,4557939153
2015-08-03 00:00:00,4596225152
2015-08-04 00:00:00,4574674039
2015-08-05 00:00:00,4635869317
2015-08-06 00:00:00,4590904557
2015-08-07 00:00:00,4527429406
2015-08-08 00:00:00,4719452869
2015-08-09 00:00:00,4317038946
2015-08-10 00:00:00,4394653041
2015-08-11 00:00:00,4379541971
2015-08-12 00:00:00,4495315891
2015-08-13 00:00:00,4423556634
2015-08-14 00:00:00,4421673656
2015-08-15 00:00:00,4454860386
2015-08-16 00:00:00,4393506931
2015-08-17 00:00:00,4335955054
2015-08-18 00:00:00,4321636878
2015-08-19 00:00:00,3797113972
2015-08-20 00:00:00,3830003413
2015-08-21 00:00:00,3982810981
2015-08-22 00:00:00,3937532880
2015-08-23 00:00:00,3895211250
2015-08-24 00:00:00,3850668256
2015-08-25 00:00:00,3558258268
2015-08-26 00:00:00,3718201642
2015-08-27 00:00:00,3792997584
2015-08-28 00:00:00,3770079049
2015-08-29 00:00:00,3875426904
2015-08-30 00:00:00,3861232124
2015-08-31 00:00:00,3869709158
2015-09-01 00:00:00,3884518376
2015-09-02 00:00:00,3848849030
2015-09-03 00:00:00,3859324900
2015-09-04 00:00:00,3811581847
2015-09-05 00:00:00,3857034733
2015-09-06 00:00:00,3957536171
2015-09-07 00:00:00,4036255410
2015-09-08 00:00:00,4032275219
2015-09-09 00:00:00,4080708624
2015-09-10 00:00:00,3995408909
2015-09-11 00:00:00,3992809734
2015-09-12 00:00:00,4029267087
2015-09-13 00:00:00,3952038057
2015-09-14 00:00:00,3887207702
2015-09-15 00:00:00,3845930997
2015-09-16 00:00:00,3858908067
2015-09-17 00:00:00,3829312776
2015-09-18 00:00:00,3896476070
2015-09-19 00:00:00,3893010645
2015-09-20 00:00:00,3869602374
2015-09-21 00:00:00,3875846842
2015-09-22 00:00:00,3797522191
2015-09-23 00:00:00,3855636253
2015-09-24 00:00:00,3830706690
2015-09-25 00:00:00,3889123585
2015-09-26 00:00:00,3891172358
2015-09-27 00:00:00,3876366907
2015-09-28 00:00:00,3853857088
2015-09-29 00:00:00,3937099254
2015-09-30 00:00:00,3879598548
2015-10-01 00:00:00,3876041397
2015-10-02 00:00:00,3889064352
2015-10-03 00:00:00,3900765513
2015-10-04 00:00:00,3911683910
2015-10-05 00:00:00,3895609664
2015-10-06 00:00:00,3919148529
2015-10-07 00:00:00,4024538177
2015-10-08 00:00:00,3974635846
2015-10-09 00:00:00,3958873465
2015-10-10 00:00:00,3978052931
2015-10-11 00:00:00,3994388772
2015-10-12 00:00:00,4033419493
2015-10-13 00:00:00,4014288649
2015-10-14 00:00:00,4083802244
2015-10-15 00:00:00,4116606977
2015-10-16 00:00:00,4150046170
2015-10-17 00:00:00,4274706786
2015-10-18 00:00:00,4388998096
2015-10-19 00:00:00,4243736809
2015-10-20 00:00:00,4270321734
2015-10-21 00:00:00,4342185908
2015-10-22 00:00:00,4300905791
2015-10-23 00:00:00,4419316662
2015-10-24 00:00:00,4457504242
2015-10-25 00:00:00,4531425569
2015-10-26 00:00:00,4563762442
2015-10-27 00:00:00,4599813342
2015-10-28 00:00:00,4739196347
2015-10-29 00:00:00,4909178189
2015-10-30 00:00:00,5099592164
2015-10-31 00:00:00,5327351399
2015-11-01 00:00:00,5098724417
2015-11-02 00:00:00,5289874811
2015-11-03 00:00:00,5836037945
2015-11-04 00:00:00,6483969273
2015-11-05 00:00:00,6508924926
2015-11-06 00:00:00,6186410581
2015-11-07 00:00:00,5970652890
2015-11-08 00:00:00,6128017211
2015-11-09 00:00:00,5979063791
2015-11-10 00:00:00,6059416295
2015-11-11 00:00:00,5439544177
2015-11-12 00:00:00,5037336360
2015-11-13 00:00:00,5433942976
2015-11-14 00:00:00,5402877405
2015-11-15 00:00:00,5342096784
2015-11-16 00:00:00,5134860727
2015-11-17 00:00:00,5304103366
2015-11-18 00:00:00,5374352323
2015-11-19 00:00:00,5376713509
2015-11-20 00:00:00,5246941516
2015-11-21 00:00:00,5180314962
2015-11-22 00:00:00,5260989489
2015-11-23 00:00:00,5221620096
2015-11-24 00:00:00,5201462139
2015-11-25 00:00:00,5151612760
2015-11-26 00:00:00,5287295499
2015-11-27 00:00:00,5651128110
2015-11-28 00:00:00,5727558059
2015-11-29 00:00:00,5735767434
2015-11-30 00:00:00,5950721260
2015-12-01 00:00:00,6035960494
2015-12-02 00:00:00,5792960554
2015-12-03 00:00:00,5752828419
2015-12-04 00:00:00,5787515440
2015-12-05 00:00:00,5845900053
2015-12-06 00:00:00,6260868163
2015-12-07 00:00:00,6263838294
2015-12-08 00:00:00,6366786935
2015-12-09 00:00:00,6695037608
2015-12-10 00:00:00,6805473510
2015-12-11 00:00:00,6767054743
2015-12-12 00:00:00,7341436484
2015-12-13 00:00:00,7026538344
2015-12-14 00:00:00,7062347077
2015-12-15 00:00:00,7185324803
2015-12-16 00:00:00,7487947423
2015-12-17 00:00:00,7328349744
2015-12-18 00:00:00,7341769600
2015-12-19 00:00:00,7448334314
2015-12-20 00:00:00,7424098007
2015-12-21 00:00:00,7123075102
2015-12-22 00:00:00,7039980765
2015-12-23 00:00:00,7024975776
2015-12-24 00:00:00,7123672969
2015-12-25 00:00:00,7304643785
2015-12-26 00:00:00,7338651279
2015-12-27 00:00:00,6726352416
2015-12-28 00:00:00,6840323290
2015-12-29 00:00:00,6823479245
2015-12-30 00:00:00,6997394259
2015-12-31 00:00:00,6887413820
2016-01-01 00:00:00,6958904290
2016-01-02 00:00:00,7019998504
2016-01-03 00:00:00,7007797532
2016-01-04 00:00:00,6955848136
2016-01-05 00:00:00,7000578525
2016-01-06 00:00:00,6984624277
2016-01-07 00:00:00,6958201536
2016-01-08 00:00:00,7382642229
2016-01-09 00:00:00,7323693573
2016-01-10 00:00:00,7249149819
2016-01-11 00:00:00,7256585556
2016-01-12 00:00:00,7253991059
2016-01-13 00:00:00,7053061384
2016-01-14 00:00:00,7016035404
2016-01-15 00:00:00,6984390487
2016-01-16 00:00:00,5967200500
2016-01-17 00:00:00,6308828691
2016-01-18 00:00:00,6244541618
2016-01-19 00:00:00,6336294206
2016-01-20 00:00:00,6217651933
2016-01-21 00:00:00,6862171069
2016-01-22 00:00:00,6707845876
2016-01-23 00:00:00,6279490169
2016-01-24 00:00:00,6397376225
2016-01-25 00:00:00,6641633275
2016-01-26 00:00:00,6511210655
2016-01-27 00:00:00,6529269473
2016-01-28 00:00:00,6640440367
2016-01-29 00:00:00,6393526082
2016-01-30 00:00:00,6389152976
2016-01-31 00:00:00,6363442811
2016-02-01 00:00:00,6211860622
2016-02-02 00:00:00,6264891803
2016-02-03 00:00:00,6316089161
2016-02-04 00:00:00,6261114914
2016-02-05 00:00:00,6561595410
2016-02-06 00:00:00,6538565966
2016-02-07 00:00:00,6406652810
2016-02-08 00:00:00,6457918735
2016-02-09 00:00:00,6412241771
2016-02-10 00:00:00,6511831197
2016-02-11 00:00:00,6647840526
2016-02-12 00:00:00,6721567991
2016-02-13 00:00:00,6796144162
2016-02-14 00:00:00,6913833110
2016-02-15 00:00:00,7152469246
2016-02-16 00:00:00,7062979108
2016-02-17 00:00:00,7072032795
2016-02-18 00:00:00,7155798930
2016-02-19 00:00:00,7293247777
2016-02-20 00:00:00,7313928044
2016-02-21 00:00:00,7545852524
2016-02-22 00:00:00,7589025725
2016-02-23 00:00:00,7661061413
2016-02-24 00:00:00,7383818058
2016-02-25 00:00:00,7501161983
2016-02-26 00:00:00,7480052343
2016-02-27 00:00:00,7607034341
2016-02-28 00:00:00,7641949855
2016-02-29 00:00:00,7660011273
2016-03-01 00:00:00,7720639873
2016-03-02 00:00:00,7777624882
2016-03-03 00:00:00,7670921624
2016-03-04 00:00:00,7714693809
2016-03-05 00:00:00,7634349729
2016-03-06 00:00:00,7538550801
2016-03-07 00:00:00,7669176331
2016-03-08 00:00:00,7639072584
2016-03-09 00:00:00,7652085248
2016-03-10 00:00:00,7834350228
2016-03-11 00:00:00,7835218169
2016-03-12 00:00:00,7924097634
2016-03-13 00:00:00,7948929698
2016-03-14 00:00:00,8063678854
2016-03-15 00:00:00,7972191630
2016-03-16 00:00:00,7980188630
2016-03-17 00:00:00,7963899740
2016-03-18 00:00:00,7894141492
2016-03-19 00:00:00,7711877608
2016-03-20 00:00:00,7678500866
2016-03-21 00:00:00,7712819967
2016-03-22 00:00:00,7838543644
2016-03-23 00:00:00,7877295214
2016-03-24 00:00:00,7985237139
2016-03-25 00:00:00,7865557526
2016-03-26 00:00:00,7845657528
2016-03-27 00:00:00,7872961899
2016-03-28 00:00:00,7957476983
2016-03-29 00:00:00,8013367117
2016-03-30 00:00:00,7890396396
2016-03-31 00:00:00,7877158732
2016-04-01 00:00:00,7862642503
2016-04-02 00:00:00,7909380063
2016-04-03 00:00:00,7957545205
2016-04-04 00:00:00,7960604125
2016-04-05 00:00:00,7926412559
2016-04-06 00:00:00,7914252719
2016-04-07 00:00:00,7918902389
2016-04-08 00:00:00,7844351727
2016-04-09 00:00:00,7774824996
2016-04-10 00:00:00,7696092694
2016-04-11 00:00:00,7699231672
2016-04-12 00:00:00,7694349682
2016-04-13 00:00:00,7648346586
2016-04-14 00:00:00,7667174238
2016-04-15 00:00:00,7721879060
2016-04-16 00:00:00,7792701249
2016-04-17 00:00:00,7849280882
2016-04-18 00:00:00,7862601908
2016-04-19 00:00:00,7879899393
2016-04-20 00:00:00,7959019776
2016-04-21 00:00:00,8040474605
2016-04-22 00:00:00,8151343443
2016-04-23 00:00:00,8057451474
2016-04-24 00:00:00,8178850535
2016-04-25 00:00:00,8296859145
2016-04-26 00:00:00,8301017228
2016-04-27 00:00:00,8362174117
2016-04-28 00:00:00,8047298079
2016-04-29 00:00:00,8070634222
2016-04-30 00:00:00,8184527579
2016-05-01 00:00:00,8185909956
2016-05-02 00:00:00,8253210373
2016-05-03 00:00:00,8242946458
2016-05-04 00:00:00,8263099551
2016-05-05 00:00:00,8203737849
2016-05-06 00:00:00,8251680427
2016-05-07 00:00:00,8407827205
2016-05-08 00:00:00,8399091795
2016-05-09 00:00:00,8403717358
2016-05-10 00:00:00,8428144161
2016-05-11 00:00:00,8280715177
2016-05-12 00:00:00,8352739730
2016-05-13 00:00:00,8397028060
2016-05-14 00:00:00,8451185403
2016-05-15 00:00:00,8431437436
2016-05-16 00:00:00,8443083320
2016-05-17 00:00:00,8488921286
2016-05-18 00:00:00,8564889697
2016-05-19 00:00:00,8688887919
2016-05-20 00:00:00,8530482965
2016-05-21 00:00:00,8527929654
2016-05-22 00:00:00,8564407837
2016-05-23 00:00:00,8521421400
2016-05-24 00:00:00,8522690360
2016-05-25 00:00:00,8508682728
2016-05-26 00:00:00,8567135804
2016-05-27 00:00:00,8639201538
2016-05-28 00:00:00,8868512884
2016-05-29 00:00:00,9793403613
2016-05-30 00:00:00,9833088176
2016-05-31 00:00:00,9964879709
2016-06-01 00:00:00,10019614898
2016-06-02 00:00:00,10108602696
2016-06-03 00:00:00,10105404551
2016-06-04 00:00:00,10635218108
2016-06-05 00:00:00,10685224300
2016-06-06 00:00:00,10729277138
2016-06-07 00:00:00,10900180299
2016-06-08 00:00:00,10808389760
2016-06-09 00:00:00,10887667930
2016-06-10 00:00:00,10787387702
2016-06-11 00:00:00,10800986059
2016-06-12 00:00:00,11322097233
2016-06-13 00:00:00,12439381380
2016-06-14 00:00:00,13109149156
2016-06-15 00:00:00,12974981512
2016-06-16 00:00:00,13106740094
2016-06-17 00:00:00,14449423387
2016-06-18 00:00:00,13703055449
2016-06-19 00:00:00,13483806489
2016-06-20 00:00:00,13716516880
2016-06-21 00:00:00,13256624436
2016-06-22 00:00:00,12212286387
2016-06-23 00:00:00,11100914371
2016-06-24 00:00:00,11591095691
2016-06-25 00:00:00,12308545736
2016-06-26 00:00:00,12310341919
2016-06-27 00:00:00,11681526856
2016-06-28 00:00:00,12197748042
2016-06-29 00:00:00,11852367303
2016-06-30 00:00:00,11816690447
2016-07-01 00:00:00,12329310759
2016-07-02 00:00:00,12374309392
2016-07-03 00:00:00,12831428279
2016-07-04 00:00:00,12049830576
2016-07-05 00:00:00,12450662734
2016-07-06 00:00:00,12148111833
2016-07-07 00:00:00,12270635018
2016-07-08 00:00:00,11610880460
2016-07-09 00:00:00,12140564176
2016-07-10 00:00:00,11848852932
2016-07-11 00:00:00,11818801793
2016-07-12 00:00:00,11777775556
2016-07-13 00:00:00,12049924608
2016-07-14 00:00:00,11865340147
2016-07-15 00:00:00,12036320757
2016-07-16 00:00:00,12154987017
2016-07-17 00:00:00,12103286693
2016-07-18 00:00:00,12347726435
2016-07-19 00:00:00,12223020963
2016-07-20 00:00:00,12259565689
2016-07-21 00:00:00,12212444713
2016-07-22 00:00:00,12227591465
2016-07-23 00:00:00,12162254790
2016-07-24 00:00:00,12221771624
2016-07-25 00:00:00,12256541742
2016-07-26 00:00:00,12204532537
2016-07-27 00:00:00,12147055853
2016-07-28 00:00:00,12199064163
2016-07-29 00:00:00,12211356458
2016-07-30 00:00:00,12250072656
2016-07-31 00:00:00,12184426867
2016-08-01 00:00:00,11666379629
2016-08-02 00:00:00,11332132693
2016-08-03 00:00:00,10233529933
2016-08-04 00:00:00,10626091852
2016-08-05 00:00:00,10875101525
2016-08-06 00:00:00,10863833364
2016-08-07 00:00:00,11080726291
2016-08-08 00:00:00,11110453466
2016-08-09 00:00:00,11113665601
2016-08-10 00:00:00,11131714837
2016-08-11 00:00:00,11181651438
2016-08-12 00:00:00,11107718322
2016-08-13 00:00:00,11123448099
2016-08-14 00:00:00,11077008866
2016-08-15 00:00:00,10817913299
2016-08-16 00:00:00,10754701537
2016-08-17 00:00:00,10919689108
2016-08-18 00:00:00,10808879361
2016-08-19 00:00:00,10828507130
2016-08-20 00:00:00,10869848857
2016-08-21 00:00:00,10995898071
2016-08-22 00:00:00,10985550716
2016-08-23 00:00:00,11086519643
2016-08-24 00:00:00,11026618038
2016-08-25 00:00:00,10964609582
2016-08-26 00:00:00,10934286195
2016-08-27 00:00:00,10966371314
2016-08-28 00:00:00,10798895511
2016-08-29 00:00:00,10893553095
2016-08-30 00:00:00,10893580748
2016-08-31 00:00:00,10967628002
2016-09-01 00:00:00,10965963891
2016-09-02 00:00:00,10947900967
2016-09-03 00:00:00,11035035968
2016-09-04 00:00:00,11378515627
2016-09-05 00:00:00,11585429040
2016-09-06 00:00:00,11556979014
2016-09-07 00:00:00,11597424943
2016-09-08 00:00:00,11647340733
2016-09-09 00:00:00,11834348936
2016-09-10 00:00:00,11795550219
2016-09-11 00:00:00,11854096348
2016-09-12 00:00:00,11507455233
2016-09-13 00:00:00,11550896413
2016-09-14 00:00:00,11576558101
2016-09-15 00:00:00,11605299239
2016-09-16 00:00:00,11618685806
2016-09-17 00:00:00,11629032276
2016-09-18 00:00:00,11622985642
2016-09-19 00:00:00,11661688783
2016-09-20 00:00:00,11716412170
2016-09-21 00:00:00,11736893354
2016-09-22 00:00:00,11556149807
2016-09-23 00:00:00,11500126778
2016-09-24 00:00:00,11641582713
2016-09-25 00:00:00,11602266365
2016-09-26 00:00:00,11610214255
2016-09-27 00:00:00,11690458816
2016-09-28 00:00:00,11690552242
2016-09-29 00:00:00,11725111633
2016-09-30 00:00:00,11705725660
2016-10-01 00:00:00,11786939992
2016-10-02 00:00:00,11803086806
2016-10-03 00:00:00,11770537338
2016-10-04 00:00:00,11803476801
2016-10-05 00:00:00,11747716209
2016-10-06 00:00:00,11836452092
2016-10-07 00:00:00,11808162093
2016-10-08 00:00:00,11856853263
2016-10-09 00:00:00,11847521024
2016-10-10 00:00:00,11814569054
2016-10-11 00:00:00,11828536487
2016-10-12 00:00:00,12184798907
2016-10-13 00:00:00,12096128241
2016-10-14 00:00:00,12124736424
2016-10-15 00:00:00,12194440536
2016-10-16 00:00:00,12151638077
2016-10-17 00:00:00,12206480893
2016-10-18 00:00:00,12154135519
2016-10-19 00:00:00,12195735610
2016-10-20 00:00:00,12037370372
2016-10-21 00:00:00,12064520562
2016-10-22 00:00:00,12110109011
2016-10-23 00:00:00,12497388591
2016-10-24 00:00:00,12500446484
2016-10-25 00:00:00,12430891451
2016-10-26 00:00:00,12449384196
2016-10-27 00:00:00,12791336959
2016-10-28 00:00:00,12928806082
2016-10-29 00:00:00,12892952832
2016-10-30 00:00:00,13186025245
2016-10-31 00:00:00,13109338034
2016-11-01 00:00:00,13055472976
2016-11-02 00:00:00,13492863987
2016-11-03 00:00:00,13701575522
2016-11-04 00:00:00,12841331265
2016-11-05 00:00:00,13108437028
2016-11-06 00:00:00,13131445441
2016-11-07 00:00:00,13228092601
2016-11-08 00:00:00,13111112213
2016-11-09 00:00:00,13223562285
2016-11-10 00:00:00,13407631079
2016-11-11 00:00:00,13289802505
2016-11-12 00:00:00,13300972933
2016-11-13 00:00:00,13093714919
2016-11-14 00:00:00,13065585216
2016-11-15 00:00:00,13121580072
2016-11-16 00:00:00,13222369462
2016-11-17 00:00:00,13730502953
2016-11-18 00:00:00,13648088843
2016-11-19 00:00:00,13775181276
2016-11-20 00:00:00,13792072072
2016-11-21 00:00:00,13446788631
2016-11-22 00:00:00,13593190907
2016-11-23 00:00:00,13815082143
2016-11-24 00:00:00,13680403370
2016-11-25 00:00:00,13554072325
2016-11-26 00:00:00,13585494986
2016-11-27 00:00:00,13489990688
2016-11-28 00:00:00,13415328458
2016-11-29 00:00:00,13452635263
2016-11-30 00:00:00,13392996666
2016-12-01 00:00:00,13605331649
2016-12-02 00:00:00,13768941908
2016-12-03 00:00:00,14036349366
2016-12-04 00:00:00,13944000293
2016-12-05 00:00:00,13912891518
2016-12-06 00:00:00,13598316503
2016-12-07 00:00:00,13794405499
2016-12-08 00:00:00,13927143409
2016-12-09 00:00:00,13947266701
2016-12-10 00:00:00,14027514808
2016-12-11 00:00:00,14015979111
2016-12-12 00:00:00,13960623301
2016-12-13 00:00:00,14164410117
2016-12-14 00:00:00,14157245403
2016-12-15 00:00:00,14138754985
2016-12-16 00:00:00,14102037417
2016-12-17 00:00:00,14221552135
2016-12-18 00:00:00,14300153309
2016-12-19 00:00:00,14316687283
2016-12-20 00:00:00,14338810520
2016-12-21 00:00:00,14468822261
2016-12-22 00:00:00,15030247848
2016-12-23 00:00:00,15497999999
2016-12-24 00:00:00,16428126795
2016-12-25 00:00:00,16084504449
2016-12-26 00:00:00,16026594081
2016-12-27 00:00:00,16231823119
2016-12-28 00:00:00,16673849781
2016-12-29 00:00:00,17386992423
2016-12-30 00:00:00,17453842755
2016-12-31 00:00:00,17267431673
2017-01-01 00:00:00,17301836030
2017-01-02 00:00:00,17887793745
2017-01-03 00:00:00,18318301450
2017-01-04 00:00:00,18831017072
2017-01-05 00:00:00,20907351551
2017-01-06 00:00:00,18415678458
2017-01-07 00:00:00,16547676689
2017-01-08 00:00:00,16579871683
2017-01-09 00:00:00,16711025446
2017-01-10 00:00:00,16548792876
2017-01-11 00:00:00,16692176808
2017-01-12 00:00:00,14353079480
2017-01-13 00:00:00,14863630532
2017-01-14 00:00:00,15216381293
2017-01-15 00:00:00,15118921902
2017-01-16 00:00:00,15181366647
2017-01-17 00:00:00,15310484082
2017-01-18 00:00:00,16683527148
2017-01-19 00:00:00,16330099259
2017-01-20 00:00:00,16525263226
2017-01-21 00:00:00,16504623492
2017-01-22 00:00:00,16980729861
2017-01-23 00:00:00,17019764881
2017-01-24 00:00:00,16788133616
2017-01-25 00:00:00,16446724118
2017-01-26 00:00:00,16614668172
2017-01-27 00:00:00,16904990920
2017-01-28 00:00:00,16915493011
2017-01-29 00:00:00,16968563799
2017-01-30 00:00:00,16944665854
2017-01-31 00:00:00,16985612022
2017-02-01 00:00:00,17830402255
2017-02-02 00:00:00,18151826157
2017-02-03 00:00:00,18514621965
2017-02-04 00:00:00,18884995833
2017-02-05 00:00:00,19117510000
2017-02-06 00:00:00,18855277298
2017-02-07 00:00:00,19064591071
2017-02-08 00:00:00,19448255311
2017-02-09 00:00:00,19481397373
2017-02-10 00:00:00,18270153297
2017-02-11 00:00:00,18174693183
2017-02-12 00:00:00,18437616973
2017-02-13 00:00:00,18365341301
2017-02-14 00:00:00,18225965867
2017-02-15 00:00:00,18667614262
2017-02-16 00:00:00,18697026736
2017-02-17 00:00:00,18979176274
2017-02-18 00:00:00,19345925477
2017-02-19 00:00:00,19447941590
2017-02-20 00:00:00,19348086782
2017-02-21 00:00:00,19782653480
2017-02-22 00:00:00,20378771277
2017-02-23 00:00:00,20428150251
2017-02-24 00:00:00,21410005510
2017-02-25 00:00:00,21346488098
2017-02-26 00:00:00,20957118169
2017-02-27 00:00:00,21389216606
2017-02-28 00:00:00,21752889944
2017-03-01 00:00:00,21815139086
2017-03-02 00:00:00,22765398717
2017-03-03 00:00:00,23399960380
2017-03-04 00:00:00,23938962538
2017-03-05 00:00:00,23442269271
2017-03-06 00:00:00,23760359584
2017-03-07 00:00:00,23917610597
2017-03-08 00:00:00,23026531685
2017-03-09 00:00:00,21557819392
2017-03-10 00:00:00,22382698327
2017-03-11 00:00:00,21325684172
2017-03-12 00:00:00,22713895317
2017-03-13 00:00:00,23732867460
2017-03-14 00:00:00,24433942176
2017-03-15 00:00:00,24672839507
2017-03-16 00:00:00,25576596505
2017-03-17 00:00:00,25417957786
2017-03-18 00:00:00,24228693960
2017-03-19 00:00:00,21228146059
2017-03-20 00:00:00,23215127350
2017-03-21 00:00:00,23351147614
2017-03-22 00:00:00,24398766180
2017-03-23 00:00:00,23265133811
2017-03-24 00:00:00,23295080281
2017-03-25 00:00:00,22473131666
2017-03-26 00:00:00,22745393765
2017-03-27 00:00:00,22808247803
2017-03-28 00:00:00,23752377973
2017-03-29 00:00:00,23943508143
2017-03-30 00:00:00,24181993177
2017-03-31 00:00:00,24097105205
2017-04-01 00:00:00,24989642061
2017-04-02 00:00:00,25221936587
2017-04-03 00:00:00,26767818284
2017-04-04 00:00:00,26081191678
2017-04-05 00:00:00,26170135623
2017-04-06 00:00:00,26183855827
2017-04-07 00:00:00,26599658390
2017-04-08 00:00:00,26478379986
2017-04-09 00:00:00,26866813622
2017-04-10 00:00:00,26804513995
2017-04-11 00:00:00,26838659735
2017-04-12 00:00:00,27061520043
2017-04-13 00:00:00,27527618640
2017-04-14 00:00:00,27370756182
2017-04-15 00:00:00,27081407096
2017-04-16 00:00:00,27428603670
2017-04-17 00:00:00,27566283772
2017-04-18 00:00:00,27737058662
2017-04-19 00:00:00,28306303590
2017-04-20 00:00:00,27951281784
2017-04-21 00:00:00,28352032876
2017-04-22 00:00:00,28324787218
2017-04-23 00:00:00,28566460258
2017-04-24 00:00:00,28254567348
2017-04-25 00:00:00,29231429312
2017-04-26 00:00:00,29543187818
2017-04-27 00:00:00,30251941546
2017-04-28 00:00:00,31903103148
2017-04-29 00:00:00,33190329592
2017-04-30 00:00:00,33634341206
2017-05-01 00:00:00,35176371100
2017-05-02 00:00:00,36317013774
2017-05-03 00:00:00,36841653168
2017-05-04 00:00:00,38294253498
2017-05-05 00:00:00,41847846146
2017-05-06 00:00:00,42819815822
2017-05-07 00:00:00,44083036802
2017-05-08 00:00:00,46148042140
2017-05-09 00:00:00,50245982782
2017-05-10 00:00:00,49019254640
2017-05-11 00:00:00,50344393710
2017-05-12 00:00:00,51334322174
2017-05-13 00:00:00,50126285846
2017-05-14 00:00:00,51994703038
2017-05-15 00:00:00,52381200852
2017-05-16 00:00:00,53043178724
2017-05-17 00:00:00,55531059510
2017-05-18 00:00:00,58906298004
2017-05-19 00:00:00,61068006962
2017-05-20 00:00:00,64416846062
2017-05-21 00:00:00,66851614406
2017-05-22 00:00:00,69338249328
2017-05-23 00:00:00,72378845132
2017-05-24 00:00:00,77584043184
2017-05-25 00:00:00,79813786564
2017-05-26 00:00:00,72794145332
2017-05-27 00:00:00,69396823924
2017-05-28 00:00:00,64797947732
2017-05-29 00:00:00,68470952808
2017-05-30 00:00:00,73016326776
2017-05-31 00:00:00,74034127082
2017-06-01 00:00:00,77542431420
2017-06-02 00:00:00,83065083832
2017-06-03 00:00:00,83719514296
2017-06-04 00:00:00,84529860132
2017-06-05 00:00:00,86337073916
2017-06-06 00:00:00,90073180512
2017-06-07 00:00:00,94347398912
2017-06-08 00:00:00,90688411472
2017-06-09 00:00:00,93434865896
2017-06-10 00:00:00,95552825944
2017-06-11 00:00:00,101530223184
2017-06-12 00:00:00,103437504816
2017-06-13 00:00:00,102047319612
2017-06-14 00:00:00,104063163128
2017-06-15 00:00:00,96426362744
2017-06-16 00:00:00,95377980544
2017-06-17 00:00:00,97611665732
2017-06-18 00:00:00,102528872008
2017-06-19 00:00:00,100580261988
2017-06-20 00:00:00,102595905936
2017-06-21 00:00:00,104111894888
2017-06-22 00:00:00,100592335134
2017-06-23 00:00:00,100475630840
2017-06-24 00:00:00,102856622388
2017-06-25 00:00:00,97926593852
2017-06-26 00:00:00,94855362768
2017-06-27 00:00:00,88411889408
2017-06-28 00:00:00,91809691582
2017-06-29 00:00:00,96326814140
2017-06-30 00:00:00,92513322948
2017-07-01 00:00:00,90499752818
2017-07-02 00:00:00,86818177522
2017-07-03 00:00:00,90118313434
2017-07-04 00:00:00,91713497938
2017-07-05 00:00:00,92023394214
2017-07-06 00:00:00,91791571294
2017-07-07 00:00:00,91838552164
2017-07-08 00:00:00,86086175472
2017-07-09 00:00:00,88214482252
2017-07-10 00:00:00,85802401752
2017-07-11 00:00:00,77485278826
2017-07-12 00:00:00,74295299995
2017-07-13 00:00:00,81223743287
2017-07-14 00:00:00,77451078703
2017-07-15 00:00:00,73216858024
2017-07-16 00:00:00,64621483326
2017-07-17 00:00:00,61806978315
2017-07-18 00:00:00,72712108108
2017-07-19 00:00:00,78893707667
2017-07-20 00:00:00,73768050036
2017-07-21 00:00:00,87422286945
2017-07-22 00:00:00,83525022392
2017-07-23 00:00:00,88626649167
2017-07-24 00:00:00,86741805277
2017-07-25 00:00:00,87218949198
2017-07-26 00:00:00,80728415583
2017-07-27 00:00:00,79882365237
2017-07-28 00:00:00,82322748468
2017-07-29 00:00:00,82523678787
2017-07-30 00:00:00,82873467422
2017-07-31 00:00:00,81919788985
2017-08-01 00:00:00,84860050645
2017-08-02 00:00:00,91982610234
2017-08-03 00:00:00,92256652197
2017-08-04 00:00:00,93467869948
2017-08-05 00:00:00,92681138472
2017-08-06 00:00:00,103031908200
2017-08-07 00:00:00,102714769709
2017-08-08 00:00:00,108468468243
2017-08-09 00:00:00,113324642575
2017-08-10 00:00:00,110973149211
2017-08-11 00:00:00,111864603808
2017-08-12 00:00:00,119167603590
2017-08-13 00:00:00,122373844240
2017-08-14 00:00:00,123989446864
2017-08-15 00:00:00,128556887670
2017-08-16 00:00:00,124901275962
2017-08-17 00:00:00,130035159350
2017-08-18 00:00:00,130935298527
2017-08-19 00:00:00,130989924948
2017-08-20 00:00:00,134002729672
2017-08-21 00:00:00,132511848028
2017-08-22 00:00:00,131941796044
2017-08-23 00:00:00,136387103548
2017-08-24 00:00:00,138365608710
2017-08-25 00:00:00,140827777610
2017-08-26 00:00:00,142769826826
2017-08-27 00:00:00,143555664662
2017-08-28 00:00:00,145594540930
2017-08-29 00:00:00,146067798770
2017-08-30 00:00:00,149932896136
2017-08-31 00:00:00,151739847672
2017-09-01 00:00:00,157422445568
2017-09-02 00:00:00,163312223672
2017-09-03 00:00:00,150670180904
2017-09-04 00:00:00,150916899292
2017-09-05 00:00:00,134222901714
2017-09-06 00:00:00,140449035990
2017-09-07 00:00:00,149326035346
2017-09-08 00:00:00,149890761958
2017-09-09 00:00:00,136593612078
2017-09-10 00:00:00,135371595278
2017-09-11 00:00:00,132435108008
2017-09-12 00:00:00,134006722040
2017-09-13 00:00:00,132235753020
2017-09-14 00:00:00,125130687728
2017-09-15 00:00:00,99231350506
2017-09-16 00:00:00,114690086344
2017-09-17 00:00:00,113808501892
2017-09-18 00:00:00,113965583168
2017-09-19 00:00:00,129361121780
2017-09-20 00:00:00,125164623908
2017-09-21 00:00:00,123948327380
2017-09-22 00:00:00,114245615388
2017-09-23 00:00:00,115448056094
2017-09-24 00:00:00,121665685844
2017-09-25 00:00:00,118603897372
2017-09-26 00:00:00,125934179928
2017-09-27 00:00:00,124816368072
2017-09-28 00:00:00,134246661528
2017-09-29 00:00:00,132516884786
2017-09-30 00:00:00,130791132953
2017-10-01 00:00:00,135618904283
2017-10-02 00:00:00,136743802631
2017-10-03 00:00:00,136718387138
2017-10-04 00:00:00,133906353178
2017-10-05 00:00:00,131811285472
2017-10-06 00:00:00,134566320646
2017-10-07 00:00:00,136810502922
2017-10-08 00:00:00,138237099398
2017-10-09 00:00:00,141302211974
2017-10-10 00:00:00,140674263728
2017-10-11 00:00:00,142267460320
2017-10-12 00:00:00,143793688186
2017-10-13 00:00:00,153693562864
2017-10-14 00:00:00,161218274664
2017-10-15 00:00:00,164693824896
2017-10-16 00:00:00,161846876054
2017-10-17 00:00:00,162636002318
2017-10-18 00:00:00,158546336122
2017-10-19 00:00:00,156635737048
2017-10-20 00:00:00,157578579738
2017-10-21 00:00:00,161316515280
2017-10-22 00:00:00,161356505508
2017-10-23 00:00:00,160130803666
2017-10-24 00:00:00,157174808866
2017-10-25 00:00:00,153137646026
2017-10-26 00:00:00,156640709090
2017-10-27 00:00:00,158883952910
2017-10-28 00:00:00,157588086340
2017-10-29 00:00:00,157346889438
2017-10-30 00:00:00,165794936816
2017-10-31 00:00:00,166315813174
2017-11-01 00:00:00,170628573882
2017-11-02 00:00:00,175056182646
2017-11-03 00:00:00,181183210374
2017-11-04 00:00:00,186176524094
2017-11-05 00:00:00,188958619042
2017-11-06 00:00:00,188815602547
2017-11-07 00:00:00,182967065140
2017-11-08 00:00:00,185560315333
2017-11-09 00:00:00,194368642900
2017-11-10 00:00:00,192949863228
2017-11-11 00:00:00,184904148786
2017-11-12 00:00:00,188223043501
2017-11-13 00:00:00,181738348042
2017-11-14 00:00:00,193178268455
2017-11-15 00:00:00,196367481384
2017-11-16 00:00:00,206750731337
2017-11-17 00:00:00,210968930995
2017-11-18 00:00:00,214201978191.026
2017-11-19 00:00:00,219284707791.051
2017-11-20 00:00:00,223084287149.077
2017-11-21 00:00:00,229062891843.103
2017-11-22 00:00:00,224833454025.128
2017-11-23 00:00:00,233543299753.154
2017-11-24 00:00:00,239384197267.18
2017-11-25 00:00:00,249119652465.205
2017-11-26 00:00:00,264783393299.231
2017-11-27 00:00:00,277557655285.256
2017-11-28 00:00:00,286862752663.282
2017-11-29 00:00:00,294226761317.308
2017-11-30 00:00:00,277835866299.333
2017-12-01 00:00:00,286924723305.359
2017-12-02 00:00:00,306952308719.385
2017-12-03 00:00:00,308643169713.41
2017-12-04 00:00:00,315576450483.436
2017-12-05 00:00:00,325107429869.462
2017-12-06 00:00:00,327455282375.487
2017-12-07 00:00:00,360370239289.513
2017-12-08 00:00:00,416030306127.538
2017-12-09 00:00:00,407851181765.564
2017-12-10 00:00:00,384321108655.59
2017-12-11 00:00:00,380080489373.615
2017-12-12 00:00:00,424156783895.641
2017-12-13 00:00:00,465102928281.667
2017-12-14 00:00:00,456176104123.692
2017-12-15 00:00:00,488264421733.718
2017-12-16 00:00:00,499465960387.744
2017-12-17 00:00:00,539957087125.769
2017-12-18 00:00:00,545355524999.795
2017-12-19 00:00:00,570174497281.821
2017-12-20 00:00:00,565313971051.846
2017-12-21 00:00:00,568516702189.872
2017-12-22 00:00:00,559203432527.897
2017-12-23 00:00:00,483377745665.923
2017-12-24 00:00:00,516966747643.949
2017-12-25 00:00:00,490597900613.974
2017-12-26 00:00:00,504712071936
2017-12-27 00:00:00,549178235584
2017-12-28 00:00:00,545818200840
2017-12-29 00:00:00,517510642896
2017-12-30 00:00:00,557879226976
2017-12-31 00:00:00,507210531144
2018-01-01 00:00:00,552885953088
2018-01-02 00:00:00,552277452152
2018-01-03 00:00:00,606208939144
2018-01-04 00:00:00,667887902480
2018-01-05 00:00:00,681764984852
2018-01-06 00:00:00,704004676256
2018-01-07 00:00:00,726860434800
2018-01-08 00:00:00,737649627600
2018-01-09 00:00:00,654485489720
2018-01-10 00:00:00,645504277784
2018-01-11 00:00:00,648851155416
2018-01-12 00:00:00,590173413864
2018-01-13 00:00:00,634352508136
2018-01-14 00:00:00,660564295192
2018-01-15 00:00:00,627356782240
2018-01-16 00:00:00,608362446248
2018-01-17 00:00:00,482209594552
2018-01-18 00:00:00,482741929144
2018-01-19 00:00:00,501348338184
2018-01-20 00:00:00,511250806560
2018-01-21 00:00:00,560167122664
2018-01-22 00:00:00,501712353624
2018-01-23 00:00:00,474180881096
2018-01-24 00:00:00,471025496672
2018-01-25 00:00:00,495957033176
2018-01-26 00:00:00,489539061568
2018-01-27 00:00:00,483529385072
2018-01-28 00:00:00,498943142368
2018-01-29 00:00:00,531416411368
2018-01-30 00:00:00,508481937696
2018-01-31 00:00:00,449666266544
2018-02-01 00:00:00,461609035352
2018-02-02 00:00:00,407391094776
2018-02-03 00:00:00,381221286320
2018-02-04 00:00:00,399600785176
2018-02-05 00:00:00,354709796212
2018-02-06 00:00:00,298495399256
2018-02-07 00:00:00,333682309392
2018-02-08 00:00:00,322470126072
2018-02-09 00:00:00,354389216240
2018-02-10 00:00:00,383163869224
2018-02-11 00:00:00,380151992112
2018-02-12 00:00:00,359346845488
2018-02-13 00:00:00,387767542680
2018-02-14 00:00:00,374949036120
2018-02-15 00:00:00,414645769536
2018-02-16 00:00:00,430487041584
2018-02-17 00:00:00,437139700488
2018-02-18 00:00:00,462259006648
2018-02-19 00:00:00,435139023552
2018-02-20 00:00:00,454102993000
2018-02-21 00:00:00,441227660720
2018-02-22 00:00:00,415892457352
2018-02-23 00:00:00,388798604208
2018-02-24 00:00:00,407472343016
2018-02-25 00:00:00,390302695312
2018-02-26 00:00:00,389367247152
2018-02-27 00:00:00,408790871224
2018-02-28 00:00:00,414293170696
2018-03-01 00:00:00,399802412284
2018-03-02 00:00:00,416399379756
2018-03-03 00:00:00,414876415696
2018-03-04 00:00:00,421081516744
2018-03-05 00:00:00,428137350168
2018-03-06 00:00:00,421825822208
2018-03-07 00:00:00,399218104864
2018-03-08 00:00:00,368210010728
2018-03-09 00:00:00,346735617104
2018-03-10 00:00:00,351681453616
2018-03-11 00:00:00,331045455616
2018-03-12 00:00:00,355848377536
2018-03-13 00:00:00,340151931120
2018-03-14 00:00:00,340582821920
2018-03-15 00:00:00,304345294096
2018-03-16 00:00:00,303452344536
2018-03-17 00:00:00,301571347024
2018-03-18 00:00:00,281426611480
2018-03-19 00:00:00,291774168704
2018-03-20 00:00:00,306353290168
2018-03-21 00:00:00,315123952788
2018-03-22 00:00:00,314777433940
2018-03-23 00:00:00,306122359960
2018-03-24 00:00:00,309594481064
2018-03-25 00:00:00,300328381024
2018-03-26 00:00:00,298447854960
2018-03-27 00:00:00,283555144864
2018-03-28 00:00:00,268748563156
2018-03-29 00:00:00,272047263176
2018-03-30 00:00:00,241139818804
2018-03-31 00:00:00,236724222680
2018-04-01 00:00:00,238999990264
2018-04-02 00:00:00,231391262628
2018-04-03 00:00:00,239917961608
2018-04-04 00:00:00,255717030840
2018-04-05 00:00:00,233318657620
2018-04-06 00:00:00,233592981516
2018-04-07 00:00:00,226137378124
2018-04-08 00:00:00,235081929344
2018-04-09 00:00:00,240884434436
2018-04-10 00:00:00,234982958368
2018-04-11 00:00:00,238350555220
2018-04-12 00:00:00,247961601352
2018-04-13 00:00:00,281689939664
2018-04-14 00:00:00,281174099272
2018-04-15 00:00:00,285344508520
2018-04-16 00:00:00,300297584512
2018-04-17 00:00:00,292429410544
2018-04-18 00:00:00,289152501952
2018-04-19 00:00:00,305511884224
2018-04-20 00:00:00,319395728168
2018-04-21 00:00:00,348209058952
2018-04-22 00:00:00,343678862568
2018-04-23 00:00:00,344384378320
2018-04-24 00:00:00,356942861520
2018-04-25 00:00:00,386990675784
2018-04-26 00:00:00,346689646408
2018-04-27 00:00:00,369394046792
2018-04-28 00:00:00,357172343760
2018-04-29 00:00:00,379692362728
2018-04-30 00:00:00,388464745336
2018-05-01 00:00:00,374058329888
2018-05-02 00:00:00,373855285184
2018-05-03 00:00:00,381948822008
2018-05-04 00:00:00,400720102904
2018-05-05 00:00:00,401194392384
2018-05-06 00:00:00,412573889752
2018-05-07 00:00:00,403122053752
2018-05-08 00:00:00,389557583992
2018-05-09 00:00:00,383347965232
2018-05-10 00:00:00,385286215936
2018-05-11 00:00:00,369050299392
2018-05-12 00:00:00,339994751056
2018-05-13 00:00:00,345870240920
2018-05-14 00:00:00,359743680208
2018-05-15 00:00:00,357228223760
2018-05-16 00:00:00,344515266240
2018-05-17 00:00:00,341078539976
2018-05-18 00:00:00,325335428448
2018-05-19 00:00:00,334120500288
2018-05-20 00:00:00,333435813048
2018-05-21 00:00:00,346630871736
2018-05-22 00:00:00,339333556672
2018-05-23 00:00:00,318554563920
2018-05-24 00:00:00,294102560296
2018-05-25 00:00:00,302660080448
2018-05-26 00:00:00,295333266448
2018-05-27 00:00:00,292745269888
2018-05-28 00:00:00,290567089264
2018-05-29 00:00:00,271682365052
2018-05-30 00:00:00,290995735708
2018-05-31 00:00:00,288153607568
2018-06-01 00:00:00,294259516448
2018-06-02 00:00:00,295879285980
2018-06-03 00:00:00,304839678384
2018-06-04 00:00:00,313369803320
2018-06-05 00:00:00,300923459240
2018-06-06 00:00:00,307959508504
2018-06-07 00:00:00,307302918984
2018-06-08 00:00:00,307997764744
2018-06-09 00:00:00,304746985664
2018-06-10 00:00:00,299437169728
2018-06-11 00:00:00,266094142444
2018-06-12 00:00:00,270744729048
2018-06-13 00:00:00,254606571768
2018-06-14 00:00:00,244293534516
2018-06-15 00:00:00,260357434512
2018-06-16 00:00:00,249237999012
2018-06-17 00:00:00,252323662232
2018-06-18 00:00:00,250821029296
2018-06-19 00:00:00,259209930964
2018-06-20 00:00:00,262869756940
2018-06-21 00:00:00,261324352968
2018-06-22 00:00:00,258818861952
2018-06-23 00:00:00,230918898000
2018-06-24 00:00:00,233214153496
2018-06-25 00:00:00,228740209524
2018-06-26 00:00:00,232265898016
2018-06-27 00:00:00,221480378168
2018-06-28 00:00:00,225786695038
2018-06-29 00:00:00,215097995262
2018-06-30 00:00:00,225181525028
2018-07-01 00:00:00,233674235432
2018-07-02 00:00:00,232922373028
2018-07-03 00:00:00,244013159556
2018-07-04 00:00:00,240748613960
2018-07-05 00:00:00,243281107092
2018-07-06 00:00:00,243400605912
2018-07-07 00:00:00,243143452200
2018-07-08 00:00:00,250651538292
2018-07-09 00:00:00,246946629540
2018-07-10 00:00:00,242383311540
2018-07-11 00:00:00,226060843820
2018-07-12 00:00:00,229456572186
2018-07-13 00:00:00,222914158998
2018-07-14 00:00:00,224900211130
2018-07-15 00:00:00,225750122290
2018-07-16 00:00:00,230844623060
2018-07-17 00:00:00,246748525144
2018-07-18 00:00:00,263860717820
2018-07-19 00:00:00,261904701604
2018-07-20 00:00:00,261329908284
2018-07-21 00:00:00,251401877996
2018-07-22 00:00:00,255661414760
2018-07-23 00:00:00,254686168892
2018-07-24 00:00:00,258427312818
2018-07-25 00:00:00,276682798894
2018-07-26 00:00:00,272705321268
2018-07-27 00:00:00,265382496490
2018-07-28 00:00:00,271161064736
2018-07-29 00:00:00,271625322354
2018-07-30 00:00:00,271637154439
2018-07-31 00:00:00,267493704980
2018-08-01 00:00:00,254381342843
2018-08-02 00:00:00,250236683478
2018-08-03 00:00:00,245925544421
2018-08-04 00:00:00,244603776350
2018-08-05 00:00:00,233688445292
2018-08-06 00:00:00,236025150671
2018-08-07 00:00:00,232012320927
2018-08-08 00:00:00,221766556041
2018-08-09 00:00:00,204419722446
2018-08-10 00:00:00,212613428222
2018-08-11 00:00:00,198643028706
2018-08-12 00:00:00,196814831107
2018-08-13 00:00:00,197929167529
2018-08-14 00:00:00,178664554005
2018-08-15 00:00:00,175626636231
2018-08-16 00:00:00,177471840099
2018-08-17 00:00:00,179393558070
2018-08-18 00:00:00,192901803727
2018-08-19 00:00:00,184630918855
2018-08-20 00:00:00,187740767742
2018-08-21 00:00:00,177936061792
2018-08-22 00:00:00,183466402961
2018-08-23 00:00:00,178831556287
2018-08-24 00:00:00,183879438269
2018-08-25 00:00:00,188255271927
2018-08-26 00:00:00,188717256381
2018-08-27 00:00:00,187041474204
2018-08-28 00:00:00,194167857919
2018-08-29 00:00:00,200757376630
2018-08-30 00:00:00,197853740269
2018-08-31 00:00:00,195262334806
2018-09-01 00:00:00,197624340178
2018-09-02 00:00:00,204586780795
2018-09-03 00:00:00,206148517725
2018-09-04 00:00:00,205055434088
2018-09-05 00:00:00,207236557691
2018-09-06 00:00:00,182166462550
2018-09-07 00:00:00,178066558721
2018-09-08 00:00:00,174769419648
2018-09-09 00:00:00,166473369929
